{"type":"FeatureCollection","features":[{"id":3,"type":"Feature","geometry":{"type":"Point","coordinates":[4.89799,52.3743064]},"properties":{"Naam":"Oude Kerk 1306","Hoofdgroep":"Religie","Functie":"Kerk","Foto":"Oude kerk.jpg","Website":"","Opmerking":"Bron: Cornelis Anthonisz 1544","Begin":1306,"Eind":0,"SELECTIE":"RELIGIE"}},{"id":4,"type":"Feature","geometry":{"type":"Point","coordinates":[4.8967359,52.3770453]},"properties":{"Naam":"Windmolenzijdepoorthuis 1300-1380","Hoofdgroep":"Militair","Functie":"Poort","Foto":"","Website":"","Opmerking":"","Begin":1300,"Eind":1380,"SELECTIE":"MILITAIR"}},{"id":5,"type":"Feature","geometry":{"type":"Point","coordinates":[4.8946922,52.3789069]},"properties":{"Naam":"Haarlemmerpoort 1425-1579","Hoofdgroep":"Militair","Functie":"Poort","Foto":"Haarlemmerpoort.jpg","Website":"","Opmerking":"Bron: Cornelis Anthonisz 1544","Begin":1425,"Eind":1579,"SELECTIE":"MILITAIR"}},{"id":6,"type":"Feature","geometry":{"type":"Point","coordinates":[4.8910301,52.3689658]},"properties":{"Naam":"Bindwijkerpoort 1340-1425","Hoofdgroep":"Militair","Functie":"Poort","Foto":"","Website":"","Opmerking":"","Begin":1340,"Eind":1425,"SELECTIE":"MILITAIR"}},{"id":7,"type":"Feature","geometry":{"type":"Point","coordinates":[4.8899562,52.3673407]},"properties":{"Naam":"Heiligewegspoort 1425-1610","Hoofdgroep":"Militair","Functie":"Poort","Foto":"Heiligewegspoort1544.jpg","Website":"","Opmerking":"Bron: Cornelis Anthonisz 1544","Begin":1425,"Eind":1610,"SELECTIE":"MILITAIR"}},{"id":8,"type":"Feature","geometry":{"type":"Point","coordinates":[4.8933508,52.3670775]},"properties":{"Naam":"Regulierspoort 1452-1591","Hoofdgroep":"Militair","Functie":"Poort","Foto":"Regulierspoort1544.jpg","Website":"","Opmerking":"Bron: Cornelis Anthonisz 1544","Begin":1452,"Eind":1591,"SELECTIE":"MILITAIR"}},{"id":9,"type":"Feature","geometry":{"type":"Point","coordinates":[4.8997109,52.3762213]},"properties":{"Naam":"Olofspoort 1380-1618","Hoofdgroep":"Militair","Functie":"Poort","Foto":"SintOlofspoort.jpg","Website":"","Opmerking":"Bron: Cornelis Anthonisz 1544","Begin":1380,"Eind":1618,"SELECTIE":"MILITAIR"}},{"id":10,"type":"Feature","geometry":{"type":"Point","coordinates":[4.9003422,52.3727881]},"properties":{"Naam":"Sint-Anthonispoort 1466-1617","Hoofdgroep":"Militair","Functie":"Poort","Foto":"Sint Anthonispoort.jpg","Website":"","Opmerking":"Bron: Cornelis Anthonisz 1544","Begin":1466,"Eind":1617,"SELECTIE":"MILITAIR"}},{"id":12,"type":"Feature","geometry":{"type":"Point","coordinates":[4.8918011,52.3739287]},"properties":{"Naam":"Nieuwe Kerk 1408","Hoofdgroep":"Religie","Functie":"Kerk","Foto":"Nieuwe kerk.jpg","Website":"","Opmerking":"Bron: Cornelis Anthonisz 1544","Begin":1408,"Eind":0,"SELECTIE":"RELIGIE"}},{"id":13,"type":"Feature","geometry":{"type":"Point","coordinates":[4.8913858,52.3728263]},"properties":{"Naam":"St.-Elisabethskapel 1361-1492","Hoofdgroep":"Religie","Functie":"Kapel","Foto":"Sint Elisabethskapel.jpg","Website":"","Opmerking":"Bron: Cornelis Anthonisz 1544","Begin":1361,"Eind":1492,"SELECTIE":"RELIGIE"}},{"id":14,"type":"Feature","geometry":{"type":"Point","coordinates":[4.8933608,52.3710028]},"properties":{"Naam":"Sint-Pieterskapel 1382-1578","Hoofdgroep":"Religie","Functie":"Kapel","Foto":"Sint Pieterskapel.jpg","Website":"","Opmerking":"Bron: Cornelis Anthonisz 1544","Begin":1395,"Eind":1578,"SELECTIE":"RELIGIE"}},{"id":15,"type":"Feature","geometry":{"type":"Point","coordinates":[4.8990471,52.3639304]},"properties":{"Naam":"Regulierenklooster 1394-1532","Hoofdgroep":"Religie","Functie":"Klooster","Foto":"Reguliersklooster.jpg","Website":"","Opmerking":"Bron: Jacob van Deventer rond 1560","Begin":1394,"Eind":1532,"SELECTIE":"RELIGIE"}},{"id":16,"type":"Feature","geometry":{"type":"Point","coordinates":[4.8958609,52.3690383]},"properties":{"Naam":"St.-Marienveld ten Nieuwenlichte- of Oude Nonnenklooster 1389-1578","Hoofdgroep":"Religie","Functie":"Klooster","Foto":"Oude Nonnenklooster.jpg","Website":"","Opmerking":"Bron: Cornelis Anthonisz 1544","Begin":1389,"Eind":1578,"SELECTIE":"RELIGIE"}},{"id":17,"type":"Feature","geometry":{"type":"Point","coordinates":[4.8818562,52.379296]},"properties":{"Naam":"Kartuizerklooster Sint-Andries-ter-Zaliger-Haven 1392-1578","Hoofdgroep":"Religie","Functie":"Klooster","Foto":"Karthuizerklooster.jpg","Website":"","Opmerking":"Bron: Jacob van Deventer rond 1560","Begin":1392,"Eind":1578,"SELECTIE":"RELIGIE"}},{"id":18,"type":"Feature","geometry":{"type":"Point","coordinates":[4.8939669,52.3696219]},"properties":{"Naam":"Sint-Claraconvent 1397-1578","Hoofdgroep":"Religie","Functie":"Klooster","Foto":"SintClaraconvent.jpg","Website":"","Opmerking":"Bron: Cornelis Anthonisz 1544","Begin":1397,"Eind":1578,"SELECTIE":"RELIGIE"}},{"id":19,"type":"Feature","geometry":{"type":"Point","coordinates":[4.89519,52.3701407]},"properties":{"Naam":"Sint-Agnes- of Agnietenklooster 1397-1578","Hoofdgroep":"Religie","Functie":"Klooster","Foto":"Agnietenklooster.jpg","Website":"","Opmerking":"Bron: Cornelis Anthonisz 1544","Begin":1397,"Eind":1578,"SELECTIE":"RELIGIE"}},{"id":20,"type":"Feature","geometry":{"type":"Point","coordinates":[4.8940251,52.3683364]},"properties":{"Naam":"Sint-Dionisius- of Nieuwe Nonnenklooster 1403-1578","Hoofdgroep":"Religie","Functie":"Klooster","Foto":"Nieuwe Nonnenklooster.jpg","Website":"","Opmerking":"Bron: Cornelis Anthonisz 1544","Begin":1403,"Eind":1578,"SELECTIE":"RELIGIE"}},{"id":21,"type":"Feature","geometry":{"type":"Point","coordinates":[4.8941352,52.3709876]},"properties":{"Naam":"Sint-Margarethaconvent of Margrietenklooster 1406-1578","Hoofdgroep":"Religie","Functie":"Klooster","Foto":"Margrietenconvent.jpg","Website":"","Opmerking":"Bron: Cornelis Anthonisz 1544","Begin":1406,"Eind":1578,"SELECTIE":"RELIGIE"}},{"id":22,"type":"Feature","geometry":{"type":"Point","coordinates":[4.8976839,52.3710028]},"properties":{"Naam":"Sint-Paulusbroedersklooster 1409-1579","Hoofdgroep":"Religie","Functie":"Klooster","Foto":"Paulusbroedersconvent.jpg","Website":"","Opmerking":"Bron: Cornelis Anthonisz 1544","Begin":1409,"Eind":1579,"SELECTIE":"RELIGIE"}},{"id":23,"type":"Feature","geometry":{"type":"Point","coordinates":[4.895818,52.3710524]},"properties":{"Naam":"Sint-Cecili\u00ebnklooster 1411-1578","Hoofdgroep":"Religie","Functie":"Klooster","Foto":"Sint Cecilienklooster.jpg","Website":"","Opmerking":"Bron: Cornelis Anthonisz 1544","Begin":1411,"Eind":1578,"SELECTIE":"RELIGIE"}},{"id":24,"type":"Feature","geometry":{"type":"Point","coordinates":[4.894161,52.3704421]},"properties":{"Naam":"Sint-Maria Magdalenaklooster 1411-1579","Hoofdgroep":"Religie","Functie":"Klooster","Foto":"Sint MariaMagdalenaklooster.jpg","Website":"","Opmerking":"Bron: Cornelis Anthonisz 1544","Begin":1411,"Eind":1579,"SELECTIE":"RELIGIE"}},{"id":25,"type":"Feature","geometry":{"type":"Point","coordinates":[4.8955238,52.3706595]},"properties":{"Naam":"Sint-Catrijnenklooster  1412-1578","Hoofdgroep":"Religie","Functie":"Klooster","Foto":"Catharinaklooster.jpg","Website":"","Opmerking":"Bron: Cornelis Anthonisz 1544","Begin":1412,"Eind":1578,"SELECTIE":"RELIGIE"}},{"id":26,"type":"Feature","geometry":{"type":"Point","coordinates":[4.890444,52.3702437]},"properties":{"Naam":"Luci\u00ebnconvent 1414-1578","Hoofdgroep":"Religie","Functie":"Klooster","Foto":"Sint Lucienconvent.jpg","Website":"","Opmerking":"Bron: Cornelis Anthonisz 1544","Begin":1414,"Eind":1578,"SELECTIE":"RELIGIE"}},{"id":27,"type":"Feature","geometry":{"type":"Point","coordinates":[4.8929999,52.3695456]},"properties":{"Naam":"Sint-Mariaconvent 1417-1578","Hoofdgroep":"Religie","Functie":"Klooster","Foto":"Sint Mariaconvent.jpg","Website":"","Opmerking":"Bron: Cornelis Anthonisz 1544","Begin":1417,"Eind":1578,"SELECTIE":"RELIGIE"}},{"id":28,"type":"Feature","geometry":{"type":"Point","coordinates":[4.8974812,52.3704192]},"properties":{"Naam":"Sint-Ursula of Elf Duizend Maagdenconvent 1419-1578","Hoofdgroep":"Religie","Functie":"Klooster","Foto":"Sint Ursulaklooster.jpg","Website":"","Opmerking":"Bron: Cornelis Anthonisz 1544","Begin":1419,"Eind":1578,"SELECTIE":"RELIGIE"}},{"id":29,"type":"Feature","geometry":{"type":"Point","coordinates":[4.894078,52.3700148]},"properties":{"Naam":"Sint-Barbaraconvent 1425-1578","Hoofdgroep":"Religie","Functie":"Klooster","Foto":"Sint Barbaraconvent.jpg","Website":"","Opmerking":"","Begin":1425,"Eind":1578,"SELECTIE":"RELIGIE"}},{"id":30,"type":"Feature","geometry":{"type":"Point","coordinates":[4.892133,52.3730704]},"properties":{"Naam":"Stadhuis 1390-1652","Hoofdgroep":"Openbaar","Functie":"","Foto":"Stadhuis1544.jpg","Website":"","Opmerking":"Bron: Cornelis Anthonisz 1544","Begin":1390,"Eind":1652,"SELECTIE":"OPENBAAR"}},{"id":31,"type":"Feature","geometry":{"type":"Point","coordinates":[4.8923948,52.3769309]},"properties":{"Naam":"Korsjespoort ca. 1490-1600","Hoofdgroep":"Militair","Functie":"Poort","Foto":"Korsjespoort.jpg","Website":"","Opmerking":"Bron: Cornelis Anthonisz 1544","Begin":1485,"Eind":1610,"SELECTIE":"MILITAIR"}},{"id":32,"type":"Feature","geometry":{"type":"Point","coordinates":[4.899956,52.376145]},"properties":{"Naam":"Sint Olofskapel\/ Oudezijds Kapel 1450-1586","Hoofdgroep":"Religie","Functie":"Kapel","Foto":"SintOlofskapel.jpg","Website":"","Opmerking":"Bron: Cornelis Anthonisz 1544","Begin":1450,"Eind":1586,"SELECTIE":"RELIGIE"}},{"id":33,"type":"Feature","geometry":{"type":"Point","coordinates":[4.896909,52.3772322]},"properties":{"Naam":"Sint-Jacobskapel 1435-1752","Hoofdgroep":"Religie","Functie":"Kapel","Foto":"SintJakobskapel.jpg","Website":"","Opmerking":"Bron: Cornelis Anthonisz 1544","Begin":1435,"Eind":1752,"SELECTIE":"RELIGIE"}},{"id":34,"type":"Feature","geometry":{"type":"Point","coordinates":[4.8912709,52.3701674]},"properties":{"Naam":"Heilige Sacramentsgasthuis 1422-1544","Hoofdgroep":"Openbaar","Functie":"Gasthuis","Foto":"Sacramentsgasthuis.jpg","Website":"","Opmerking":"Bron: Cornelis Anthonisz 1544","Begin":1422,"Eind":1544,"SELECTIE":"OPENBAAR"}},{"id":37,"type":"Feature","geometry":{"type":"Point","coordinates":[4.904454,52.3680579]},"properties":{"Naam":"Sint-Nicolaasgasthuis 1403-1867","Hoofdgroep":"Openbaar","Functie":"Gasthuis","Foto":"Leprozenhuis.jpg","Website":"","Opmerking":"Bron: Balthasar Florisz. van Berckenrode 1657","Begin":1403,"Eind":1867,"SELECTIE":"OPENBAAR"}},{"id":38,"type":"Feature","geometry":{"type":"Point","coordinates":[4.8931911,52.3754202]},"properties":{"Naam":"Sint Geertruidenklooster 1432-1578","Hoofdgroep":"Religie","Functie":"Klooster","Foto":"SintGeertruidenklooster.jpg","Website":"","Opmerking":"Bron: Cornelis Anthonisz 1544","Begin":1432,"Eind":1578,"SELECTIE":"RELIGIE"}},{"id":39,"type":"Feature","geometry":{"type":"Point","coordinates":[4.8932569,52.3704802]},"properties":{"Naam":"Cellebroedersklooster 1440-1578","Hoofdgroep":"Religie","Functie":"Klooster","Foto":"Cellebroedersklooster.jpg","Website":"","Opmerking":"Bron: Cornelis Anthonisz 1544","Begin":1440,"Eind":1578,"SELECTIE":"RELIGIE"}},{"id":40,"type":"Feature","geometry":{"type":"Point","coordinates":[4.898453,52.3718192]},"properties":{"Naam":"Sint Maria Magdalenaklooster in Bethanien 1462-1578","Hoofdgroep":"Religie","Functie":"Klooster","Foto":"Bethanienklooster.jpg","Website":"","Opmerking":"Bron: Cornelis Anthonisz 1544","Begin":1462,"Eind":1578,"SELECTIE":"RELIGIE"}},{"id":41,"type":"Feature","geometry":{"type":"Point","coordinates":[4.8994458,52.3729865]},"properties":{"Naam":"Minderbroeders- of Grauwmonnikenklooster 1462-1578","Hoofdgroep":"Religie","Functie":"Klooster","Foto":"Minderbroedersklooster.jpg","Website":"","Opmerking":"Bron: Cornelis Anthonisz 1544","Begin":1462,"Eind":1578,"SELECTIE":"RELIGIE"}},{"id":42,"type":"Feature","geometry":{"type":"Point","coordinates":[4.8999021,52.373738]},"properties":{"Naam":"Cellezusters- of St.-Alexiusklooster 1475-1616","Hoofdgroep":"Religie","Functie":"Klooster","Foto":"Cellezustersklooster.jpg","Website":"","Opmerking":"Bron: Cornelis Anthonisz 1544","Begin":1475,"Eind":1616,"SELECTIE":"RELIGIE"}},{"id":43,"type":"Feature","geometry":{"type":"Point","coordinates":[4.891989,52.3673216]},"properties":{"Naam":"Clarissenklooster 1494-1579","Hoofdgroep":"Religie","Functie":"Klooster","Foto":"Clarissenklooster.jpg","Website":"","Opmerking":"Bron: Cornelis Anthonisz 1544","Begin":1494,"Eind":1579,"SELECTIE":"RELIGIE"}},{"id":44,"type":"Feature","geometry":{"type":"Point","coordinates":[4.8997629,52.3702628]},"properties":{"Naam":"Zuiderkerk 1611","Hoofdgroep":"Religie","Functie":"Kerk","Foto":"Zuiderkerk (2).jpg","Website":"","Opmerking":"Bron: Gerrit de Broen 1774-1782","Begin":1611,"Eind":0,"SELECTIE":"RELIGIE"}},{"id":45,"type":"Feature","geometry":{"type":"Point","coordinates":[4.8838732,52.374478]},"properties":{"Naam":"Westerkerk 1620","Hoofdgroep":"Religie","Functie":"Kerk","Foto":"Westerkerk.jpg","Website":"","Opmerking":"Bron: Balthasar Florisz. van Berckenrode 1625","Begin":1620,"Eind":0,"SELECTIE":"RELIGIE"}},{"id":46,"type":"Feature","geometry":{"type":"Point","coordinates":[4.8864491,52.3796202]},"properties":{"Naam":"Noorderkerk 1623","Hoofdgroep":"Religie","Functie":"Kerk","Foto":"Noorderkerk.jpg","Website":"","Opmerking":"Bron: Balthasar Florisz. van Berckenrode 1625","Begin":1623,"Eind":0,"SELECTIE":"RELIGIE"}},{"id":47,"type":"Feature","geometry":{"type":"Point","coordinates":[4.8885152,52.3668143]},"properties":{"Naam":"Heiligewegspoort 1610-1663","Hoofdgroep":"Militair","Functie":"Poort","Foto":"Heiligewegspoort 1625.jpg","Website":"","Opmerking":"Bron: Balthasar Florisz. van Berckenrode 1625","Begin":1610,"Eind":1663,"SELECTIE":"MILITAIR"}},{"id":48,"type":"Feature","geometry":{"type":"Point","coordinates":[4.8833549,52.3848578]},"properties":{"Naam":"Haarlemmerpoort 1615-1837","Hoofdgroep":"Militair","Functie":"Poort","Foto":"Haarlemmerpoort1625.jpg","Website":"","Opmerking":"Bron: Balthasar Florisz. van Berckenrode 1625","Begin":1615,"Eind":1837,"SELECTIE":"MILITAIR"}},{"id":49,"type":"Feature","geometry":{"type":"Point","coordinates":[4.8789451,52.3789412]},"properties":{"Naam":"Zaagmolenpoort 1613-1857","Hoofdgroep":"Militair","Functie":"Poort","Foto":"Zaagmolenpoort.jpg","Website":"","Opmerking":"Bron: Gerrit de Broen 1774-1782","Begin":1613,"Eind":1857,"SELECTIE":"MILITAIR"}},{"id":50,"type":"Feature","geometry":{"type":"Point","coordinates":[4.8763411,52.3741194]},"properties":{"Naam":"Raampoort 1648-1844","Hoofdgroep":"Militair","Functie":"Poort","Foto":"Raampoort.jpg","Website":"","Opmerking":"Bron: Gerrit de Broen 1774-1782","Begin":1648,"Eind":1844,"SELECTIE":"MILITAIR"}},{"id":51,"type":"Feature","geometry":{"type":"Point","coordinates":[4.8962829,52.3659789]},"properties":{"Naam":"Regulierspoort 1591-1688","Hoofdgroep":"Militair","Functie":"Poort","Foto":"Regulierspoort 1657.jpg","Website":"","Opmerking":"Bron: Balthasar Florisz. van Berckenrode 1657","Begin":1591,"Eind":1688,"SELECTIE":"MILITAIR"}},{"id":52,"type":"Feature","geometry":{"type":"Point","coordinates":[4.9053829,52.3679892]},"properties":{"Naam":"Sint-Anthonispoort 1617-1663","Hoofdgroep":"Militair","Functie":"Poort","Foto":"Sint Anthonispoort 2.jpg","Website":"","Opmerking":"Bron: Balthasar Florisz. van Berckenrode 1657","Begin":1617,"Eind":1663,"SELECTIE":"MILITAIR"}},{"id":53,"type":"Feature","geometry":{"type":"Point","coordinates":[4.886739,52.3659865]},"properties":{"Naam":"Pesthuis 1616-1635","Hoofdgroep":"Openbaar","Functie":"Gasthuis","Foto":"","Website":"","Opmerking":"","Begin":1616,"Eind":1635,"SELECTIE":"OPENBAAR"}},{"id":54,"type":"Feature","geometry":{"type":"Point","coordinates":[4.8973868,52.3707472]},"properties":{"Naam":"Dolhuis 1562-1793","Hoofdgroep":"Openbaar","Functie":"Gasthuis","Foto":"Dolhuis.jpg","Website":"","Opmerking":"Bron: Gerrit de Broen 1774-1782","Begin":1562,"Eind":1793,"SELECTIE":"OPENBAAR"}},{"id":55,"type":"Feature","geometry":{"type":"Point","coordinates":[4.890887,52.3672759]},"properties":{"Naam":"Aalmoezeniershuis 1578-1666","Hoofdgroep":"Openbaar","Functie":"Gasthuis","Foto":"Aalmoeseniershuis.jpg","Website":"","Opmerking":"Bron: Balthasar Florisz. van Berckenrode 1625","Begin":1578,"Eind":1666,"SELECTIE":"OPENBAAR"}},{"id":56,"type":"Feature","geometry":{"type":"Point","coordinates":[4.891227,52.3675276]},"properties":{"Naam":"Rasphuis 1596-1815","Hoofdgroep":"Openbaar","Functie":"Strafinrichting","Foto":"Rasp.jpg","Website":"","Opmerking":"Bron: Balthasar Florisz. van Berckenrode 1625","Begin":1596,"Eind":1815,"SELECTIE":"OPENBAAR"}},{"id":57,"type":"Feature","geometry":{"type":"Point","coordinates":[4.8971078,52.3705832]},"properties":{"Naam":"Spinhuis 1597-1782","Hoofdgroep":"Openbaar","Functie":"Strafinrichting","Foto":"Spinhuis.jpg","Website":"","Opmerking":"Bron: Balthasar Florisz. van Berckenrode 1625","Begin":1597,"Eind":1782,"SELECTIE":"OPENBAAR"}},{"id":58,"type":"Feature","geometry":{"type":"Point","coordinates":[4.8905332,52.3703047]},"properties":{"Naam":"Burgerweeshuis 1579-1966","Hoofdgroep":"Openbaar","Functie":"Weeshuis","Foto":"Burgerweeshuis.jpg","Website":"","Opmerking":"Bron: Balthasar Florisz. van Berckenrode 1625","Begin":1579,"Eind":1966,"SELECTIE":"OPENBAAR"}},{"id":59,"type":"Feature","geometry":{"type":"Point","coordinates":[4.8976839,52.3710028]},"properties":{"Naam":"Oudemannen- en Oudevrouwengasthuis 1601","Hoofdgroep":"Openbaar","Functie":"Ouderenzorg","Foto":"Oude mannenhuis.jpg","Website":"","Opmerking":"Bron: Balthasar Florisz. van Berckenrode 1625","Begin":1601,"Eind":0,"SELECTIE":"OPENBAAR"}},{"id":60,"type":"Feature","geometry":{"type":"Point","coordinates":[4.8955338,52.3709761]},"properties":{"Naam":"Prinsenhof 1661-1795","Hoofdgroep":"Openbaar","Functie":"Admiraliteit","Foto":"Prinsenhof I.jpg","Website":"","Opmerking":"Bron: Gerrit de Broen 1774-1782","Begin":1661,"Eind":1795,"SELECTIE":"OPENBAAR"}},{"id":61,"type":"Feature","geometry":{"type":"Point","coordinates":[4.89312,52.3720748]},"properties":{"Naam":"De Beurs van Hendrick de Keyser 1611-1838","Hoofdgroep":"Openbaar","Functie":"Financieel","Foto":"Beurs 1611.jpg","Website":"","Opmerking":"Bron: Balthasar Florisz. van Berckenrode 1625","Begin":1611,"Eind":1838,"SELECTIE":"OPENBAAR"}},{"id":62,"type":"Feature","geometry":{"type":"Point","coordinates":[4.8922131,52.3732955]},"properties":{"Naam":"Wisselbank 1609-1820","Hoofdgroep":"Openbaar","Functie":"","Foto":"wisselbank.jpg","Website":"","Opmerking":"Bron: Balthasar Florisz. van Berckenrode 1625","Begin":1609,"Eind":1820,"SELECTIE":"OPENBAAR"}},{"id":63,"type":"Feature","geometry":{"type":"Point","coordinates":[4.894429,52.3709571]},"properties":{"Naam":"Stadsbank van Lening 1614","Hoofdgroep":"Openbaar","Functie":"Financieel","Foto":"","Website":"","Opmerking":"","Begin":1614,"Eind":0,"SELECTIE":"OPENBAAR"}},{"id":64,"type":"Feature","geometry":{"type":"Point","coordinates":[4.9003498,52.3728072]},"properties":{"Naam":"De Waag 1617","Hoofdgroep":"Openbaar","Functie":"","Foto":"Waag Nieuwmarkt.jpg","Website":"","Opmerking":"Bron: Balthasar Florisz. van Berckenrode 1625","Begin":1617,"Eind":0,"SELECTIE":"OPENBAAR"}},{"id":66,"type":"Feature","geometry":{"type":"Point","coordinates":[4.9056661,52.3720137]},"properties":{"Naam":"Montelbaanstoren 1517","Hoofdgroep":"Militair","Functie":"","Foto":"Montelbaanstoren.jpg","Website":"","Opmerking":"Bron: Cornelis Anthonisz 1544","Begin":1517,"Eind":0,"SELECTIE":"MILITAIR"}},{"id":67,"type":"Feature","geometry":{"type":"Point","coordinates":[4.8896372,52.3693129]},"properties":{"Naam":"Begijnhofkapel 1671","Hoofdgroep":"Religie","Functie":"Kapel","Foto":"","Website":"","Opmerking":"","Begin":1671,"Eind":0,"SELECTIE":"RELIGIE"}},{"id":68,"type":"Feature","geometry":{"type":"Point","coordinates":[4.8899701,52.3894278]},"properties":{"Naam":"Bolwerk Blaauwhoofd 1613-1830","Hoofdgroep":"Militair","Functie":"","Foto":"B1.jpg","Website":"","Opmerking":"Bron: Gerrit de Broen 1774-1782","Begin":1613,"Eind":1830,"SELECTIE":"MILITAIR"}},{"id":69,"type":"Feature","geometry":{"type":"Point","coordinates":[4.8854229,52.3887145]},"properties":{"Naam":"Bolwerk De Bogt 1613-1830","Hoofdgroep":"Militair","Functie":"","Foto":"B2.jpg","Website":"","Opmerking":"Bron: Gerrit de Broen 1774-1782","Begin":1613,"Eind":1830,"SELECTIE":"MILITAIR"}},{"id":70,"type":"Feature","geometry":{"type":"Point","coordinates":[4.8836482,52.3864943]},"properties":{"Naam":"Bolwerk Westerbeer 1613-1830","Hoofdgroep":"Militair","Functie":"","Foto":"B3.jpg","Website":"","Opmerking":"Bron: Gerrit de Broen 1774-1782","Begin":1613,"Eind":1830,"SELECTIE":"MILITAIR"}},{"id":71,"type":"Feature","geometry":{"type":"Point","coordinates":[4.8820851,52.3840415]},"properties":{"Naam":"Bolwerk Sloterdijk 1613-1813","Hoofdgroep":"Militair","Functie":"","Foto":"B4.jpg","Website":"","Opmerking":"Bron: Gerrit de Broen 1774-1782","Begin":1613,"Eind":1813,"SELECTIE":"MILITAIR"}},{"id":72,"type":"Feature","geometry":{"type":"Point","coordinates":[4.8805592,52.3816344]},"properties":{"Naam":"Bolwerk Haarlem 1613-1815","Hoofdgroep":"Militair","Functie":"","Foto":"B5.jpg","Website":"","Opmerking":"Bron: Gerrit de Broen 1774-1782","Begin":1613,"Eind":1815,"SELECTIE":"MILITAIR"}},{"id":73,"type":"Feature","geometry":{"type":"Point","coordinates":[4.8790719,52.3792769]},"properties":{"Naam":"Bolwerk Karthuizers 1613-1875","Hoofdgroep":"Militair","Functie":"","Foto":"B6.jpg","Website":"","Opmerking":"Bron: Gerrit de Broen 1774-1782","Begin":1613,"Eind":1875,"SELECTIE":"MILITAIR"}},{"id":74,"type":"Feature","geometry":{"type":"Point","coordinates":[4.8774521,52.3768241]},"properties":{"Naam":"Bolwerk Slotermeer 1613-1875","Hoofdgroep":"Militair","Functie":"","Foto":"B7.jpg","Website":"","Opmerking":"Bron: Gerrit de Broen 1774-1782","Begin":1613,"Eind":1875,"SELECTIE":"MILITAIR"}},{"id":75,"type":"Feature","geometry":{"type":"Point","coordinates":[4.8760021,52.3744437]},"properties":{"Naam":"Bolwerk Rijkeroord 1613-1877","Hoofdgroep":"Militair","Functie":"","Foto":"B8.jpg","Website":"","Opmerking":"Bron: Gerrit de Broen 1774-1782","Begin":1613,"Eind":1877,"SELECTIE":"MILITAIR"}},{"id":76,"type":"Feature","geometry":{"type":"Point","coordinates":[4.8753889,52.3718459]},"properties":{"Naam":"Bolwerk Rijk 1613-1807","Hoofdgroep":"Militair","Functie":"","Foto":"B9.jpg","Website":"","Opmerking":"Bron: Gerrit de Broen 1774-1782","Begin":1613,"Eind":1807,"SELECTIE":"MILITAIR"}},{"id":77,"type":"Feature","geometry":{"type":"Point","coordinates":[4.8769309,52.3693701]},"properties":{"Naam":"Bolwerk Nieuwkerk 1613-1807","Hoofdgroep":"Militair","Functie":"","Foto":"B10.jpg","Website":"","Opmerking":"Bron: Gerrit de Broen 1774-1782","Begin":1613,"Eind":1807,"SELECTIE":"MILITAIR"}},{"id":78,"type":"Feature","geometry":{"type":"Point","coordinates":[4.8784721,52.3670928]},"properties":{"Naam":"Bolwerk Osdorp 1613-1807","Hoofdgroep":"Militair","Functie":"","Foto":"B11.jpg","Website":"","Opmerking":"Bron: Gerrit de Broen 1774-1782","Begin":1613,"Eind":1807,"SELECTIE":"MILITAIR"}},{"id":79,"type":"Feature","geometry":{"type":"Point","coordinates":[4.8802612,52.3646666]},"properties":{"Naam":"Bolwerk Sloten 1613-1807","Hoofdgroep":"Militair","Functie":"","Foto":"B12.jpg","Website":"","Opmerking":"Bron: Gerrit de Broen 1774-1782","Begin":1613,"Eind":1807,"SELECTIE":"MILITAIR"}},{"id":80,"type":"Feature","geometry":{"type":"Point","coordinates":[4.8829148,52.3626296]},"properties":{"Naam":"Bolwerk Schinkel 1663-1805","Hoofdgroep":"Militair","Functie":"","Foto":"B13.jpg","Website":"","Opmerking":"Bron: Gerrit de Broen 1774-1782","Begin":1663,"Eind":1805,"SELECTIE":"MILITAIR"}},{"id":81,"type":"Feature","geometry":{"type":"Point","coordinates":[4.8861892,52.3610312]},"properties":{"Naam":"Bolwerk Amstelveen 1663-1804","Hoofdgroep":"Militair","Functie":"","Foto":"B14.jpg","Website":"","Opmerking":"Bron: Gerrit de Broen 1774-1782","Begin":1663,"Eind":1804,"SELECTIE":"MILITAIR"}},{"id":82,"type":"Feature","geometry":{"type":"Point","coordinates":[4.8895571,52.3595015]},"properties":{"Naam":"Bolwerk Wetering 1663-1803","Hoofdgroep":"Militair","Functie":"","Foto":"B15.jpg","Website":"","Opmerking":"Bron: Gerrit de Broen 1774-1782","Begin":1663,"Eind":1803,"SELECTIE":"MILITAIR"}},{"id":83,"type":"Feature","geometry":{"type":"Point","coordinates":[4.8937819,52.359162]},"properties":{"Naam":"Bolwerk Reguliers 1663-1804","Hoofdgroep":"Militair","Functie":"","Foto":"B16.jpg","Website":"","Opmerking":"Bron: Gerrit de Broen 1774-1782","Begin":1663,"Eind":1804,"SELECTIE":"MILITAIR"}},{"id":84,"type":"Feature","geometry":{"type":"Point","coordinates":[4.898062,52.3589026]},"properties":{"Naam":"Bolwerk Ouderkerk 1663-1804","Hoofdgroep":"Militair","Functie":"","Foto":"B17.jpg","Website":"","Opmerking":"Bron: Gerrit de Broen 1774-1782","Begin":1663,"Eind":1804,"SELECTIE":"MILITAIR"}},{"id":85,"type":"Feature","geometry":{"type":"Point","coordinates":[4.9021628,52.3596236]},"properties":{"Naam":"Bolwerk Westerblokhuis 1663-1877","Hoofdgroep":"Militair","Functie":"","Foto":"B18.jpg","Website":"","Opmerking":"Bron: Gerrit de Broen 1774-1782","Begin":1663,"Eind":1877,"SELECTIE":"MILITAIR"}},{"id":86,"type":"Feature","geometry":{"type":"Point","coordinates":[4.9062431,52.3603713]},"properties":{"Naam":"Bolwerk Oosterblokhuis 1663-1864","Hoofdgroep":"Militair","Functie":"","Foto":"B19.jpg","Website":"","Opmerking":"Bron: Gerrit de Broen 1774-1782","Begin":1663,"Eind":1864,"SELECTIE":"MILITAIR"}},{"id":87,"type":"Feature","geometry":{"type":"Point","coordinates":[4.9101341,52.3611762]},"properties":{"Naam":"Bolwerk Weesp 1663-1807","Hoofdgroep":"Militair","Functie":"","Foto":"B20.jpg","Website":"","Opmerking":"Bron: Gerrit de Broen 1774-1782","Begin":1663,"Eind":1807,"SELECTIE":"MILITAIR"}},{"id":88,"type":"Feature","geometry":{"type":"Point","coordinates":[4.9140441,52.3619086]},"properties":{"Naam":"Bolwerk Diemen 1663-1756","Hoofdgroep":"Militair","Functie":"","Foto":"B21.jpg","Website":"","Opmerking":"Bron: Gerrit de Broen 1774-1782","Begin":1663,"Eind":1756,"SELECTIE":"MILITAIR"}},{"id":89,"type":"Feature","geometry":{"type":"Point","coordinates":[4.917937,52.362702]},"properties":{"Naam":"Bolwerk Muiden 1663-1809","Hoofdgroep":"Militair","Functie":"","Foto":"B22.jpg","Website":"","Opmerking":"Bron: Gerrit de Broen 1774-1782","Begin":1663,"Eind":1809,"SELECTIE":"MILITAIR"}},{"id":90,"type":"Feature","geometry":{"type":"Point","coordinates":[4.9215372,52.3641287]},"properties":{"Naam":"Bolwerk Oetewaal 1663-1810","Hoofdgroep":"Militair","Functie":"","Foto":"B23.jpg","Website":"","Opmerking":"Bron: Gerrit de Broen 1774-1782","Begin":1663,"Eind":1810,"SELECTIE":"MILITAIR"}},{"id":91,"type":"Feature","geometry":{"type":"Point","coordinates":[4.9245651,52.3660781]},"properties":{"Naam":"Bolwerk Oosterbeer 1663-1844","Hoofdgroep":"Militair","Functie":"","Foto":"B24.jpg","Website":"","Opmerking":"Bron: Gerrit de Broen 1774-1782","Begin":1663,"Eind":1844,"SELECTIE":"MILITAIR"}},{"id":92,"type":"Feature","geometry":{"type":"Point","coordinates":[4.927614,52.3678137]},"properties":{"Naam":"Bolwerk Jaap Hannes 1663-1788","Hoofdgroep":"Militair","Functie":"","Foto":"B25.jpg","Website":"","Opmerking":"Bron: Gerrit de Broen 1774-1782","Begin":1663,"Eind":1788,"SELECTIE":"MILITAIR"}},{"id":93,"type":"Feature","geometry":{"type":"Point","coordinates":[4.9305861,52.3696791]},"properties":{"Naam":"Bolwerk Zeeburg 1663-1877","Hoofdgroep":"Militair","Functie":"","Foto":"B26.jpg","Website":"","Opmerking":"Bron: Gerrit de Broen 1774-1782","Begin":1663,"Eind":1877,"SELECTIE":"MILITAIR"}},{"id":94,"type":"Feature","geometry":{"type":"Point","coordinates":[4.8912761,52.3618018]},"properties":{"Naam":"Walenweeshuis 1683-1967","Hoofdgroep":"Openbaar","Functie":"Weeshuis","Foto":"Walenweeshuis.jpg","Website":"","Opmerking":"Bron: Gerrit de Broen 1774-1782","Begin":1683,"Eind":1967,"SELECTIE":"OPENBAAR"}},{"id":95,"type":"Feature","geometry":{"type":"Point","coordinates":[4.8831489,52.3653838]},"properties":{"Naam":"Aalmoezeniersweeshuis 1666-1825","Hoofdgroep":"Openbaar","Functie":"Weeshuis","Foto":"Aalmoezeniersweeshuis II.jpg","Website":"","Opmerking":"Bron: Balthasar Florisz. van Berckenrode 1625","Begin":1666,"Eind":1825,"SELECTIE":"OPENBAAR"}},{"id":96,"type":"Feature","geometry":{"type":"Point","coordinates":[4.9192722,52.3699805]},"properties":{"Naam":"Oosterkerk 1671","Hoofdgroep":"Religie","Functie":"Kerk","Foto":"Oosterkerk.jpg","Website":"","Opmerking":"Bron: Gerrit de Broen 1774-1782","Begin":1671,"Eind":0,"SELECTIE":"RELIGIE"}},{"id":97,"type":"Feature","geometry":{"type":"Point","coordinates":[4.8966768,52.3623015]},"properties":{"Naam":"Amstelkerk 1668","Hoofdgroep":"Religie","Functie":"Kerk","Foto":"Amstelkerk.jpg","Website":"","Opmerking":"Bron: Gerrit de Broen 1774-1782","Begin":1668,"Eind":0,"SELECTIE":"RELIGIE"}},{"id":98,"type":"Feature","geometry":{"type":"Point","coordinates":[4.8884041,52.3840834]},"properties":{"Naam":"Eilandskerk 1659-1939","Hoofdgroep":"Religie","Functie":"Kerk","Foto":"Eilandskerk.jpg","Website":"","Opmerking":"Bron: Gerrit de Broen 1774-1782","Begin":1659,"Eind":1939,"SELECTIE":"RELIGIE"}},{"id":99,"type":"Feature","geometry":{"type":"Point","coordinates":[4.8937499,52.3779151]},"properties":{"Naam":"Nieuwe Lutherse Kerk 1671","Hoofdgroep":"Religie","Functie":"Kerk","Foto":"Nieuwe Lutherse Kerk.jpg","Website":"","Opmerking":"Bron: Gerrit de Broen 1774-1782","Begin":1671,"Eind":0,"SELECTIE":"RELIGIE"}},{"id":100,"type":"Feature","geometry":{"type":"Point","coordinates":[4.8893511,52.3683707]},"properties":{"Naam":"Oude Lutherse Kerk 1633","Hoofdgroep":"Religie","Functie":"Kerk","Foto":"Oude Lutherse Kerk.jpg","Website":"","Opmerking":"Bron: Gerrit de Broen 1774-1782","Begin":1633,"Eind":0,"SELECTIE":"RELIGIE"}},{"id":123,"type":"Feature","geometry":{"type":"Point","coordinates":[4.8902171,52.3685843]},"properties":{"Naam":"R.C. Maagdenhuis 1783","Hoofdgroep":"Openbaar","Functie":"Weeshuis","Foto":"","Website":"","Opmerking":"","Begin":1783,"Eind":0,"SELECTIE":"OPENBAAR"}},{"id":124,"type":"Feature","geometry":{"type":"Point","coordinates":[4.8901212,52.3693244]},"properties":{"Naam":"Engels Presbyteriaanse Kerk 1607","Hoofdgroep":"Religie","Functie":"Kerk","Foto":"Engelse kerk.jpg","Website":"","Opmerking":"Bron: Balthasar Florisz. van Berckenrode 1625","Begin":1607,"Eind":0,"SELECTIE":"RELIGIE"}},{"id":126,"type":"Feature","geometry":{"type":"Point","coordinates":[4.893604,52.3686072]},"properties":{"Naam":"Gasthuiskerk 1578-1864","Hoofdgroep":"Religie","Functie":"Kerk","Foto":"Gasthuis Kerk.jpg","Website":"","Opmerking":"Bron: Gerrit de Broen 1774-1782","Begin":1578,"Eind":1864,"SELECTIE":"RELIGIE"}},{"id":127,"type":"Feature","geometry":{"type":"Point","coordinates":[4.8919308,52.3702323]},"properties":{"Naam":"Kapel ter Heilige Stede\/ Nieuwezijds Kapel 1345","Hoofdgroep":"Religie","Functie":"Kapel","Foto":"Nwzijds Kapel.jpg","Website":"","Opmerking":"Bron: Cornelis Anthonisz 1544","Begin":1345,"Eind":1908,"SELECTIE":"RELIGIE"}},{"id":135,"type":"Feature","geometry":{"type":"Point","coordinates":[4.9040682,52.3670165]},"properties":{"Naam":"Nieuwe Synagoge 1752","Hoofdgroep":"Religie","Functie":"Synagoge","Foto":"Nieuwe Synagoge.jpg","Website":"","Opmerking":"Bron: Gerrit de Broen 1774-1782","Begin":1752,"Eind":0,"SELECTIE":"RELIGIE"}},{"id":140,"type":"Feature","geometry":{"type":"Point","coordinates":[4.9053609,52.3675276]},"properties":{"Naam":"Portugese Synagoge 1671","Hoofdgroep":"Religie","Functie":"Synagoge","Foto":"Portugese Synagoge.jpg","Website":"","Opmerking":"Bron: Gerrit de Broen 1774-1782","Begin":1671,"Eind":0,"SELECTIE":"RELIGIE"}},{"id":144,"type":"Feature","geometry":{"type":"Point","coordinates":[4.9053399,52.3701636]},"properties":{"Naam":"Synagoge aan de Uilenburgerstraat 1766","Hoofdgroep":"Religie","Functie":"Synagoge","Foto":"Synagoge Uilenburg.jpg","Website":"","Opmerking":"Bron: Gerrit de Broen 1774-1782","Begin":1766,"Eind":0,"SELECTIE":"RELIGIE"}},{"id":148,"type":"Feature","geometry":{"type":"Point","coordinates":[4.8972471,52.3710066]},"properties":{"Naam":"Oude Walenkerk 1586","Hoofdgroep":"Religie","Functie":"Kerk","Foto":"Walenkerk.jpg","Website":"","Opmerking":"Bron: Balthasar Florisz. van Berckenrode 1625","Begin":1586,"Eind":0,"SELECTIE":"RELIGIE"}},{"id":150,"type":"Feature","geometry":{"type":"Point","coordinates":[4.9020989,52.3717085]},"properties":{"Naam":"Armeense Kerk 1714","Hoofdgroep":"Religie","Functie":"Kerk","Foto":"Persiaanse kerk.jpg","Website":"","Opmerking":"Bron: Gerrit de Broen 1774-1782","Begin":1714,"Eind":0,"SELECTIE":"RELIGIE"}},{"id":156,"type":"Feature","geometry":{"type":"Point","coordinates":[4.8996699,52.3762175]},"properties":{"Naam":"Olofspoort gevangenis","Hoofdgroep":"Openbaar","Functie":"Strafinrichting","Foto":"SintOlofspoort.jpg","Website":"","Opmerking":"Bron: Cornelis Anthonisz 1544","Begin":1425,"Eind":1618,"SELECTIE":"OPENBAAR"}},{"id":157,"type":"Feature","geometry":{"type":"Point","coordinates":[4.8951199,52.3700644]},"properties":{"Naam":"Magazijn Admiraliteit 1579-1632","Hoofdgroep":"Openbaar","Functie":"Admiraliteit","Foto":"","Website":"","Opmerking":"","Begin":1579,"Eind":1632,"SELECTIE":"OPENBAAR"}},{"id":159,"type":"Feature","geometry":{"type":"Point","coordinates":[4.8822448,52.3638693]},"properties":{"Naam":"Leidsepoort 1663-1862","Hoofdgroep":"Militair","Functie":"Poort","Foto":"Leidsepoort.jpg","Website":"","Opmerking":"Bron: Gerrit de Broen 1774-1782","Begin":1663,"Eind":1862,"SELECTIE":"MILITAIR"}},{"id":160,"type":"Feature","geometry":{"type":"Point","coordinates":[4.9194629,52.3637168]},"properties":{"Naam":"Muiderpoort 1663","Hoofdgroep":"Militair","Functie":"Poort","Foto":"Muiderpoort.jpg","Website":"","Opmerking":"Bron: Gerrit de Broen 1774-1782","Begin":1663,"Eind":0,"SELECTIE":"MILITAIR"}},{"id":161,"type":"Feature","geometry":{"type":"Point","coordinates":[4.9000518,52.3594977]},"properties":{"Naam":"Utrechtse Poort 1663-1859","Hoofdgroep":"Militair","Functie":"Poort","Foto":"Utrechtsepoort.jpg","Website":"","Opmerking":"Bron: Gerrit de Broen 1774-1782","Begin":1663,"Eind":1859,"SELECTIE":"MILITAIR"}},{"id":162,"type":"Feature","geometry":{"type":"Point","coordinates":[4.9080398,52.3610465]},"properties":{"Naam":"Weesperpoort 1663-1857","Hoofdgroep":"Militair","Functie":"Poort","Foto":"Weesperpoort.jpg","Website":"","Opmerking":"Bron: Gerrit de Broen 1774-1782","Begin":1663,"Eind":1857,"SELECTIE":"MILITAIR"}},{"id":163,"type":"Feature","geometry":{"type":"Point","coordinates":[4.8880598,52.3603102]},"properties":{"Naam":"Weteringpoort 1668-1842","Hoofdgroep":"Militair","Functie":"Poort","Foto":"Weteringspoort (2).jpg","Website":"","Opmerking":"Bron: Gerrit de Broen 1774-1782","Begin":1668,"Eind":1842,"SELECTIE":"MILITAIR"}},{"id":164,"type":"Feature","geometry":{"type":"Point","coordinates":[4.902262,52.376393]},"properties":{"Naam":"Schreierstoren 1482","Hoofdgroep":"Militair","Functie":"","Foto":"Schreierstoren1544.jpg","Website":"","Opmerking":"Bron: Cornelis Anthonisz 1544","Begin":1482,"Eind":0,"SELECTIE":"MILITAIR"}},{"id":165,"type":"Feature","geometry":{"type":"Point","coordinates":[4.896064,52.3682639]},"properties":{"Naam":"Swijgh Utregt rond 1490-1882","Hoofdgroep":"Militair","Functie":"","Foto":"SwijgUtrecht1544.jpg","Website":"","Opmerking":"Bron: Cornelis Anthonisz 1544","Begin":1482,"Eind":1882,"SELECTIE":"MILITAIR"}},{"id":166,"type":"Feature","geometry":{"type":"Point","coordinates":[4.8943899,52.3673369]},"properties":{"Naam":"Rondeel 1535-1895","Hoofdgroep":"Militair","Functie":"","Foto":"Rondeel1544.jpg","Website":"","Opmerking":"Bron: Cornelis Anthonisz 1544","Begin":1535,"Eind":1895,"SELECTIE":"MILITAIR"}},{"id":167,"type":"Feature","geometry":{"type":"Point","coordinates":[4.8897531,52.3745238]},"properties":{"Naam":"Jan Roodenpoortstoren rond 1490-1829","Hoofdgroep":"Militair","Functie":"Poort","Foto":"JanRoodenpoortstoren.jpg","Website":"","Opmerking":"Bron: Cornelis Anthonisz 1544","Begin":1490,"Eind":1829,"SELECTIE":"MILITAIR"}},{"id":168,"type":"Feature","geometry":{"type":"Point","coordinates":[4.8951061,52.3758742]},"properties":{"Naam":"Versterking","Hoofdgroep":"Militair","Functie":"","Foto":"","Website":"","Opmerking":"","Begin":1280,"Eind":1304,"SELECTIE":"MILITAIR"}},{"id":169,"type":"Feature","geometry":{"type":"Point","coordinates":[4.8960688,52.3777167]},"properties":{"Naam":"Haarlemmerpoort 1380-1425","Hoofdgroep":"Militair","Functie":"Poort","Foto":"","Website":"","Opmerking":"","Begin":1380,"Eind":1425,"SELECTIE":"MILITAIR"}},{"id":170,"type":"Feature","geometry":{"type":"Point","coordinates":[4.8928049,52.3800131]},"properties":{"Naam":"Haarlemmerpoort 1579-1613","Hoofdgroep":"Militair","Functie":"Poort","Foto":"","Website":"","Opmerking":"","Begin":1579,"Eind":1613,"SELECTIE":"MILITAIR"}},{"id":171,"type":"Feature","geometry":{"type":"Point","coordinates":[4.8952992,52.3791586]},"properties":{"Naam":"Haringpakkerstoren rond 1490-1829","Hoofdgroep":"Militair","Functie":"","Foto":"Haringpakkerstoren.jpg","Website":"","Opmerking":"Bron: Balthasar Florisz. van Berckenrode 1625","Begin":1490,"Eind":1829,"SELECTIE":"MILITAIR"}},{"id":172,"type":"Feature","geometry":{"type":"Point","coordinates":[4.8943441,52.3754164]},"properties":{"Naam":"Onze-Lieve-Vrouwegasthuis ca 1350-1582","Hoofdgroep":"Openbaar","Functie":"","Foto":"OnzeLieveVrouweGasthuis1544.jpg","Website":"","Opmerking":"Bron: Cornelis Anthonisz 1544","Begin":1350,"Eind":1582,"SELECTIE":"OPENBAAR"}},{"id":173,"type":"Feature","geometry":{"type":"Point","coordinates":[4.8932469,52.3710829]},"properties":{"Naam":"St.-Pietersgasthuis 1395-1578","Hoofdgroep":"Openbaar","Functie":"Gasthuis","Foto":"pietersgasthuis.jpg","Website":"","Opmerking":"Bron: Cornelis Anthonisz 1544","Begin":1395,"Eind":1578,"SELECTIE":"OPENBAAR"}},{"id":174,"type":"Feature","geometry":{"type":"Point","coordinates":[4.8950069,52.3699195]},"properties":{"Naam":"Atheneum Illustre 1632","Hoofdgroep":"Openbaar","Functie":"","Foto":"Atheneum Illustre.jpg","Website":"","Opmerking":"Bron: Gerrit de Broen 1774-1782","Begin":1632,"Eind":0,"SELECTIE":"OPENBAAR"}},{"id":175,"type":"Feature","geometry":{"type":"Point","coordinates":[4.8900931,52.3695532]},"properties":{"Naam":"Begijnhof 1307","Hoofdgroep":"Religie","Functie":"","Foto":"Begijnhof.jpg","Website":"","Opmerking":"Bron: Cornelis Anthonisz 1544","Begin":1307,"Eind":0,"SELECTIE":"RELIGIE"}},{"id":176,"type":"Feature","geometry":{"type":"Point","coordinates":[4.891619,52.3731467]},"properties":{"Naam":"Stadhuis \/ Paleis 1655","Hoofdgroep":"Openbaar","Functie":"","Foto":"Stadhuis Paleis.jpg","Website":"","Opmerking":"Bron: Gerrit de Broen 1774-1782","Begin":1655,"Eind":0,"SELECTIE":"OPENBAAR"}},{"id":177,"type":"Feature","geometry":{"type":"Point","coordinates":[4.8922951,52.3679091]},"properties":{"Naam":"St. Jorishof 1403-1901","Hoofdgroep":"Openbaar","Functie":"Gasthuis","Foto":"Sint Jorishof.jpg","Website":"","Opmerking":"Bron: Cornelis Anthonisz 1544","Begin":1403,"Eind":1485,"SELECTIE":"OPENBAAR"}},{"id":181,"type":"Feature","geometry":{"type":"Point","coordinates":[4.896775,52.3753859]},"properties":{"Naam":"Korenbeurs van Hendrick de Keyser 1617-1884","Hoofdgroep":"Openbaar","Functie":"Financieel","Foto":"Korenbeurs.jpg","Website":"","Opmerking":"Bron: Gerrit de Broen 1774-1782","Begin":1617,"Eind":1884,"SELECTIE":"OPENBAAR"}},{"id":182,"type":"Feature","geometry":{"type":"Point","coordinates":[4.8949239,52.376248]},"properties":{"Naam":"Korenmetershuisje 1620","Hoofdgroep":"Openbaar","Functie":"Financieel","Foto":"Korenmetershuisje.jpg","Website":"","Opmerking":"Bron: Gerrit de Broen 1774-1782","Begin":1620,"Eind":0,"SELECTIE":"OPENBAAR"}},{"id":185,"type":"Feature","geometry":{"type":"Point","coordinates":[4.895015,52.3752104]},"properties":{"Naam":"Onze-Lieve-Vrouwekapel 1345-1597","Hoofdgroep":"Religie","Functie":"Kapel","Foto":"OnzeLieveVrouwekapel.jpg","Website":"","Opmerking":"Bron: Cornelis Anthonisz 1544","Begin":1345,"Eind":1597,"SELECTIE":"RELIGIE"}},{"id":186,"type":"Feature","geometry":{"type":"Point","coordinates":[4.9261281,52.3707205]},"properties":{"Naam":"VOC-werf 1660-1795","Hoofdgroep":"Productie","Functie":"","Foto":"Oostenburg.jpg","Website":"","Opmerking":"Bron: Gerrit de Broen 1774-1782","Begin":1660,"Eind":1795,"SELECTIE":"PRODUCTIE"}},{"id":187,"type":"Feature","geometry":{"type":"Point","coordinates":[4.890166,52.389424]},"properties":{"Naam":"Korenmolen De Bok 1613-1879","Hoofdgroep":"Productie","Functie":"","Foto":"B1Molen.jpg","Website":"","Opmerking":"Bron: Gerrit de Broen 1774-1782","Begin":1613,"Eind":1879,"SELECTIE":"PRODUCTIE"}},{"id":188,"type":"Feature","geometry":{"type":"Point","coordinates":[4.8855951,52.3887297]},"properties":{"Naam":"Korenmolen De Vervanger 1688-1878","Hoofdgroep":"Productie","Functie":"","Foto":"B2Molen.jpg","Website":"","Opmerking":"Bron: Gerrit de Broen 1774-1782","Begin":1688,"Eind":1878,"SELECTIE":"PRODUCTIE"}},{"id":189,"type":"Feature","geometry":{"type":"Point","coordinates":[4.883846,52.3865286]},"properties":{"Naam":"Korenmolen De Beer 1613-1861","Hoofdgroep":"Productie","Functie":"","Foto":"B3Molen.jpg","Website":"","Opmerking":"Bron: Gerrit de Broen 1774-1782","Begin":1613,"Eind":1861,"SELECTIE":"PRODUCTIE"}},{"id":190,"type":"Feature","geometry":{"type":"Point","coordinates":[4.8822801,52.3840453]},"properties":{"Naam":"Korenmolen De Kraay 1613-1838","Hoofdgroep":"Productie","Functie":"","Foto":"B4Molen.jpg","Website":"","Opmerking":"Bron: Gerrit de Broen 1774-1782","Begin":1613,"Eind":1838,"SELECTIE":"PRODUCTIE"}},{"id":191,"type":"Feature","geometry":{"type":"Point","coordinates":[4.8807671,52.3816687]},"properties":{"Naam":"Korenmolen De Palm 1613-1831","Hoofdgroep":"Productie","Functie":"","Foto":"B5Molen.jpg","Website":"","Opmerking":"Bron: Gerrit de Broen 1774-1782","Begin":1613,"Eind":1831,"SELECTIE":"PRODUCTIE"}},{"id":192,"type":"Feature","geometry":{"type":"Point","coordinates":[4.879308,52.3792998]},"properties":{"Naam":"Korenmolen De Kat 1613-1869","Hoofdgroep":"Productie","Functie":"","Foto":"B6Molen.jpg","Website":"","Opmerking":"Bron: Gerrit de Broen 1774-1782","Begin":1613,"Eind":1869,"SELECTIE":"PRODUCTIE"}},{"id":193,"type":"Feature","geometry":{"type":"Point","coordinates":[4.8776772,52.3768508]},"properties":{"Naam":"Gortmolen De Hoyberg 1613-1875","Hoofdgroep":"Productie","Functie":"","Foto":"B7Molen.jpg","Website":"","Opmerking":"Bron: Gerrit de Broen 1774-1782","Begin":1613,"Eind":1875,"SELECTIE":"PRODUCTIE"}},{"id":194,"type":"Feature","geometry":{"type":"Point","coordinates":[4.876229,52.3744666]},"properties":{"Naam":"Korenmolen De Blom 1613-1877","Hoofdgroep":"Productie","Functie":"","Foto":"B8Molen.jpg","Website":"","Opmerking":"Bron: Gerrit de Broen 1774-1782","Begin":1613,"Eind":1877,"SELECTIE":"PRODUCTIE"}},{"id":195,"type":"Feature","geometry":{"type":"Point","coordinates":[4.8756492,52.3718917]},"properties":{"Naam":"Korenmolen De Smeerpot\/ De Victor 1613-1898","Hoofdgroep":"Productie","Functie":"","Foto":"B9Molen.jpg","Website":"","Opmerking":"Bron: Gerrit de Broen 1774-1782","Begin":1613,"Eind":1898,"SELECTIE":"PRODUCTIE"}},{"id":196,"type":"Feature","geometry":{"type":"Point","coordinates":[4.8772271,52.369435]},"properties":{"Naam":"Zeemtouwersmolen De Grote Stinkmolen 1613-1808","Hoofdgroep":"Productie","Functie":"","Foto":"B10Molen.jpg","Website":"","Opmerking":"Bron: Gerrit de Broen 1774-1782","Begin":1613,"Eind":1808,"SELECTIE":"PRODUCTIE"}},{"id":197,"type":"Feature","geometry":{"type":"Point","coordinates":[4.8787291,52.36715]},"properties":{"Naam":"Zeemtouwersmolen De Star\/ Kleine Stinkmolen 1613-1797","Hoofdgroep":"Productie","Functie":"","Foto":"B11Molen.jpg","Website":"","Opmerking":"Bron: Gerrit de Broen 1774-1782","Begin":1613,"Eind":1797,"SELECTIE":"PRODUCTIE"}},{"id":198,"type":"Feature","geometry":{"type":"Point","coordinates":[4.8804772,52.3647391]},"properties":{"Naam":"Korenmolen De Liefde 1663-1870","Hoofdgroep":"Productie","Functie":"","Foto":"B12Molen.jpg","Website":"","Opmerking":"Bron: Gerrit de Broen 1774-1782","Begin":1663,"Eind":1870,"SELECTIE":"PRODUCTIE"}},{"id":199,"type":"Feature","geometry":{"type":"Point","coordinates":[4.883106,52.3627593]},"properties":{"Naam":"Korenmolen De Roomolen 1663-1844","Hoofdgroep":"Productie","Functie":"","Foto":"B13Molen.jpg","Website":"","Opmerking":"Bron: Gerrit de Broen 1774-1782","Begin":1663,"Eind":1844,"SELECTIE":"PRODUCTIE"}},{"id":200,"type":"Feature","geometry":{"type":"Point","coordinates":[4.88641,52.3611914]},"properties":{"Naam":"Korenmolen De Spring 1663-1874","Hoofdgroep":"Productie","Functie":"","Foto":"B14Molen.jpg","Website":"","Opmerking":"Bron: Gerrit de Broen 1774-1782","Begin":1663,"Eind":1874,"SELECTIE":"PRODUCTIE"}},{"id":201,"type":"Feature","geometry":{"type":"Point","coordinates":[4.8896291,52.3596541]},"properties":{"Naam":"Korenmolen De Wetering 1663-1873","Hoofdgroep":"Productie","Functie":"","Foto":"B15Molen.jpg","Website":"","Opmerking":"Bron: Gerrit de Broen 1774-1782","Begin":1663,"Eind":1873,"SELECTIE":"PRODUCTIE"}},{"id":202,"type":"Feature","geometry":{"type":"Point","coordinates":[4.8937809,52.3592116]},"properties":{"Naam":"Korenmolen De Hoop 1663-1868","Hoofdgroep":"Productie","Functie":"","Foto":"B16Molen.jpg","Website":"","Opmerking":"Bron: Gerrit de Broen 1774-1782","Begin":1663,"Eind":1868,"SELECTIE":"PRODUCTIE"}},{"id":203,"type":"Feature","geometry":{"type":"Point","coordinates":[4.898113,52.3589903]},"properties":{"Naam":"Korenmolen De Roode Haan 1663-1872","Hoofdgroep":"Productie","Functie":"","Foto":"B17Molen.jpg","Website":"","Opmerking":"Bron: Gerrit de Broen 1774-1782","Begin":1663,"Eind":1872,"SELECTIE":"PRODUCTIE"}},{"id":204,"type":"Feature","geometry":{"type":"Point","coordinates":[4.902128,52.3597991]},"properties":{"Naam":"Korenmolen De Groen\/ De Leeuw 1663-1868","Hoofdgroep":"Productie","Functie":"","Foto":"B18Molen.jpg","Website":"","Opmerking":"","Begin":1663,"Eind":1868,"SELECTIE":"PRODUCTIE"}},{"id":205,"type":"Feature","geometry":{"type":"Point","coordinates":[4.902128,52.3597991]},"properties":{"Naam":"Korenmolen De Groen\/ De Leeuw 1663-1868","Hoofdgroep":"Productie","Functie":"","Foto":"B18Molen.jpg","Website":"","Opmerking":"Bron: Gerrit de Broen 1774-1782","Begin":1663,"Eind":1868,"SELECTIE":"PRODUCTIE"}},{"id":206,"type":"Feature","geometry":{"type":"Point","coordinates":[4.906184,52.3605391]},"properties":{"Naam":"Korenmolen De Bul 1663-1863","Hoofdgroep":"Productie","Functie":"","Foto":"B19Molen.jpg","Website":"","Opmerking":"Bron: Gerrit de Broen 1774-1782","Begin":1663,"Eind":1863,"SELECTIE":"PRODUCTIE"}},{"id":207,"type":"Feature","geometry":{"type":"Point","coordinates":[4.9100778,52.3613249]},"properties":{"Naam":"Korenmolen De Fortuin 1663-1863","Hoofdgroep":"Productie","Functie":"","Foto":"B20Molen.jpg","Website":"","Opmerking":"Bron: Gerrit de Broen 1774-1782","Begin":1663,"Eind":1863,"SELECTIE":"PRODUCTIE"}},{"id":208,"type":"Feature","geometry":{"type":"Point","coordinates":[4.9139841,52.3620574]},"properties":{"Naam":"Korenmolen De Valk 1663-1870","Hoofdgroep":"Productie","Functie":"","Foto":"B21Molen.jpg","Website":"","Opmerking":"Bron: Gerrit de Broen 1774-1782","Begin":1663,"Eind":1870,"SELECTIE":"PRODUCTIE"}},{"id":209,"type":"Feature","geometry":{"type":"Point","coordinates":[4.9178569,52.3628775]},"properties":{"Naam":"Korenmolen De Drie Prinsen\/ De Hond 1663-1865","Hoofdgroep":"Productie","Functie":"","Foto":"B22Molen.jpg","Website":"","Opmerking":"Bron: Gerrit de Broen 1774-1782","Begin":1663,"Eind":1865,"SELECTIE":"PRODUCTIE"}},{"id":210,"type":"Feature","geometry":{"type":"Point","coordinates":[4.9214079,52.3642737]},"properties":{"Naam":"Korenmolen De Ruyter 1663-1863","Hoofdgroep":"Productie","Functie":"","Foto":"B23Molen.jpg","Website":"","Opmerking":"Bron: Gerrit de Broen 1774-1782","Begin":1663,"Eind":1863,"SELECTIE":"PRODUCTIE"}},{"id":211,"type":"Feature","geometry":{"type":"Point","coordinates":[4.924423,52.3661925]},"properties":{"Naam":"Korenmolen De Gooyer1663-1814","Hoofdgroep":"Productie","Functie":"","Foto":"B24Molen.jpg","Website":"","Opmerking":"Bron: Gerrit de Broen 1774-1782","Begin":1663,"Eind":1814,"SELECTIE":"PRODUCTIE"}},{"id":212,"type":"Feature","geometry":{"type":"Point","coordinates":[4.9274909,52.3679358]},"properties":{"Naam":"Houtzaagmolen Oostindische Compagnie","Hoofdgroep":"Productie","Functie":"","Foto":"B25Molen.jpg","Website":"","Opmerking":"Bron: Gerrit de Broen 1774-1782","Begin":1663,"Eind":1788,"SELECTIE":"PRODUCTIE"}},{"id":213,"type":"Feature","geometry":{"type":"Point","coordinates":[4.9303558,52.3697745]},"properties":{"Naam":"Chocolade\/loodwitmolen De Zon 1663-1856","Hoofdgroep":"Productie","Functie":"","Foto":"B26Molen.jpg","Website":"","Opmerking":"Bron: Gerrit de Broen 1774-1782","Begin":1663,"Eind":1856,"SELECTIE":"PRODUCTIE"}},{"id":214,"type":"Feature","geometry":{"type":"Point","coordinates":[4.9163439,52.3722922]},"properties":{"Naam":"Admiraliteitswerf\/Marineterrein 1657","Hoofdgroep":"Productie","Functie":"","Foto":"Admiraliteitswerf.jpg","Website":"","Opmerking":"Bron: Gerrit de Broen 1774-1782","Begin":1657,"Eind":0,"SELECTIE":"PRODUCTIE"}},{"id":215,"type":"Feature","geometry":{"type":"Point","coordinates":[4.9088118,52.3718268]},"properties":{"Naam":"Peperwerf Rapenburg 1602-1660","Hoofdgroep":"Productie","Functie":"","Foto":"peperwerf.jpg","Website":"","Opmerking":"","Begin":1602,"Eind":1660,"SELECTIE":"PRODUCTIE"}},{"id":216,"type":"Feature","geometry":{"type":"Point","coordinates":[4.889168,52.3849379]},"properties":{"Naam":"Werven Bickerseiland ca. 1640-1725","Hoofdgroep":"Productie","Functie":"","Foto":"Bickerseilandzoom.jpg","Website":"","Opmerking":"Bron: Balthasar Florisz. van Berckenrode 1657","Begin":1640,"Eind":1725,"SELECTIE":"PRODUCTIE"}},{"id":217,"type":"Feature","geometry":{"type":"Point","coordinates":[4.906194,52.3697058]},"properties":{"Naam":"Werven Marken 1602-1700","Hoofdgroep":"Productie","Functie":"","Foto":"Marken.jpg","Website":"","Opmerking":"Bron: Balthasar Florisz. van Berckenrode 1625","Begin":1602,"Eind":1700,"SELECTIE":"PRODUCTIE"}},{"id":218,"type":"Feature","geometry":{"type":"Point","coordinates":[4.9051592,52.3705298]},"properties":{"Naam":"Werven Uilenburg 1593-1660","Hoofdgroep":"Productie","Functie":"","Foto":"Uilenburg.jpg","Website":"","Opmerking":"Bron: Balthasar Florisz. van Berckenrode 1625","Begin":1593,"Eind":1660,"SELECTIE":"PRODUCTIE"}},{"id":219,"type":"Feature","geometry":{"type":"Point","coordinates":[4.866379,52.3601157]},"properties":{"Naam":"Pottenbakkerij Blankenburg 1754-1764","Hoofdgroep":"Productie","Functie":"","Foto":"","Website":"","Opmerking":"","Begin":1754,"Eind":1764,"SELECTIE":"PRODUCTIE"}},{"id":220,"type":"Feature","geometry":{"type":"Point","coordinates":[4.9281299,52.3696982]},"properties":{"Naam":"Lijnbanen Oostenburg 1661-1943","Hoofdgroep":"Productie","Functie":"","Foto":"lijnbaanVOC Admiraliteit.jpg","Website":"","Opmerking":"Bron: Gerrit de Broen 1774-1782","Begin":1661,"Eind":1943,"SELECTIE":"PRODUCTIE"}},{"id":221,"type":"Feature","geometry":{"type":"Point","coordinates":[4.8894999,52.3660819]},"properties":{"Naam":"Bolwerk 1592-1663","Hoofdgroep":"Militair","Functie":"","Foto":"bolwerk 2e A.jpg","Website":"","Opmerking":"Bron: Balthasar Florisz. van Berckenrode 1625","Begin":1592,"Eind":1663,"SELECTIE":"MILITAIR"}},{"id":222,"type":"Feature","geometry":{"type":"Point","coordinates":[4.894264,52.3653227]},"properties":{"Naam":"Bolwerk 1592-1663","Hoofdgroep":"Militair","Functie":"","Foto":"bolwerk 2e B.jpg","Website":"","Opmerking":"Bron: Balthasar Florisz. van Berckenrode 1625","Begin":1592,"Eind":1663,"SELECTIE":"MILITAIR"}},{"id":223,"type":"Feature","geometry":{"type":"Point","coordinates":[4.8999069,52.3658835]},"properties":{"Naam":"Bolwerk 1592-1663","Hoofdgroep":"Militair","Functie":"","Foto":"bolwerk 2e C.jpg","Website":"","Opmerking":"Bron: Balthasar Florisz. van Berckenrode 1625","Begin":1592,"Eind":1663,"SELECTIE":"MILITAIR"}},{"id":224,"type":"Feature","geometry":{"type":"Point","coordinates":[4.9029329,52.3665663]},"properties":{"Naam":"Bolwerk 1592-1663","Hoofdgroep":"Militair","Functie":"","Foto":"bolwerk 2e D.jpg","Website":"","Opmerking":"Bron: Balthasar Florisz. van Berckenrode 1625","Begin":1592,"Eind":1663,"SELECTIE":"MILITAIR"}},{"id":225,"type":"Feature","geometry":{"type":"Point","coordinates":[4.9065478,52.3680312]},"properties":{"Naam":"Bolwerk 1592-1663","Hoofdgroep":"Militair","Functie":"","Foto":"bolwerk 2e E.jpg","Website":"","Opmerking":"Bron: Balthasar Florisz. van Berckenrode 1625","Begin":1592,"Eind":1663,"SELECTIE":"MILITAIR"}},{"id":226,"type":"Feature","geometry":{"type":"Point","coordinates":[4.9093492,52.3693358]},"properties":{"Naam":"Bolwerk 1592-1663","Hoofdgroep":"Militair","Functie":"","Foto":"bolwerk 2e F.jpg","Website":"","Opmerking":"Bron: Balthasar Florisz. van Berckenrode 1625","Begin":1592,"Eind":1663,"SELECTIE":"MILITAIR"}},{"id":227,"type":"Feature","geometry":{"type":"Point","coordinates":[4.912524,52.3708769]},"properties":{"Naam":"Bolwerk Rijzenhoofd 1592-1663","Hoofdgroep":"Militair","Functie":"","Foto":"bolwerk 2e G Rijzenhoofd.jpg","Website":"","Opmerking":"Bron: Balthasar Florisz. van Berckenrode 1625","Begin":1592,"Eind":1663,"SELECTIE":"MILITAIR"}},{"id":228,"type":"Feature","geometry":{"type":"Point","coordinates":[4.8921769,52.3799903]},"properties":{"Naam":"Bolwerk 1578-1613","Hoofdgroep":"Militair","Functie":"","Foto":"Bolwerk 1e A.jpg","Website":"","Opmerking":"Bron: Pieter Bast 1597","Begin":1578,"Eind":1613,"SELECTIE":"MILITAIR"}},{"id":229,"type":"Feature","geometry":{"type":"Point","coordinates":[4.8893878,52.3770415]},"properties":{"Naam":"Bolwerk 1578-1613","Hoofdgroep":"Militair","Functie":"","Foto":"Bolwerk 1e B.jpg","Website":"","Opmerking":"Bron: Pieter Bast 1597","Begin":1578,"Eind":1613,"SELECTIE":"MILITAIR"}},{"id":230,"type":"Feature","geometry":{"type":"Point","coordinates":[4.8867319,52.3742262]},"properties":{"Naam":"Bolwerk 1578-1613","Hoofdgroep":"Militair","Functie":"","Foto":"Bolwerk 1e C.jpg","Website":"","Opmerking":"Bron: Pieter Bast 1597","Begin":1578,"Eind":1613,"SELECTIE":"MILITAIR"}},{"id":231,"type":"Feature","geometry":{"type":"Point","coordinates":[4.8863032,52.3709723]},"properties":{"Naam":"Bolwerk 1578-1613","Hoofdgroep":"Militair","Functie":"","Foto":"Bolwerk 1e D.jpg","Website":"","Opmerking":"Bron: Pieter Bast 1597","Begin":1578,"Eind":1613,"SELECTIE":"MILITAIR"}},{"id":232,"type":"Feature","geometry":{"type":"Point","coordinates":[4.9083431,52.367108]},"properties":{"Naam":"Hortus Botanicus 1682","Hoofdgroep":"Openbaar","Functie":"","Foto":"Hortus Botanicus.jpg","Website":"","Opmerking":"Bron: Gerrit de Broen 1774-1782","Begin":1682,"Eind":2014,"SELECTIE":"OPENBAAR"}},{"id":233,"type":"Feature","geometry":{"type":"Point","coordinates":[4.9039171,52.3672301]},"properties":{"Naam":"Grote Synagoge 1671","Hoofdgroep":"Religie","Functie":"Synagoge","Foto":"Grote Synagoge.jpg","Website":"","Opmerking":"Bron: Gerrit de Broen 1774-1782","Begin":1671,"Eind":0,"SELECTIE":"RELIGIE"}},{"id":234,"type":"Feature","geometry":{"type":"Point","coordinates":[4.9037831,52.3670699]},"properties":{"Naam":"Obbene Sjoel 1685","Hoofdgroep":"Religie","Functie":"Synagoge","Foto":"Synagoge complex.jpg","Website":"","Opmerking":"","Begin":1685,"Eind":0,"SELECTIE":"RELIGIE"}},{"id":235,"type":"Feature","geometry":{"type":"Point","coordinates":[4.9037168,52.3672186]},"properties":{"Naam":"Dritt Sjoel 1700","Hoofdgroep":"Religie","Functie":"Synagoge","Foto":"Synagoge complex.jpg","Website":"","Opmerking":"","Begin":1700,"Eind":0,"SELECTIE":"RELIGIE"}},{"id":236,"type":"Feature","geometry":{"type":"Point","coordinates":[4.8845379,52.3741461]},"properties":{"Naam":"Waag Westerhal 1619-1857","Hoofdgroep":"Openbaar","Functie":"","Foto":"Waag Westerhal.jpg","Website":"","Opmerking":"Bron: Balthasar Florisz. van Berckenrode 1625","Begin":1619,"Eind":1857,"SELECTIE":"OPENBAAR"}},{"id":237,"type":"Feature","geometry":{"type":"Point","coordinates":[4.902724,52.3653494]},"properties":{"Naam":"Oudevrouwenhuis Diaconie 1683","Hoofdgroep":"Openbaar","Functie":"Ouderenzorg","Foto":"diaconie oudevrouwenhuis.jpg","Website":"","Opmerking":"Bron: Gerrit de Broen 1774-1782","Begin":1683,"Eind":0,"SELECTIE":"OPENBAAR"}},{"id":238,"type":"Feature","geometry":{"type":"Point","coordinates":[4.9000308,52.3678671]},"properties":{"Naam":"Diaconie Weeshuis 1657-1880","Hoofdgroep":"Openbaar","Functie":"Weeshuis","Foto":"Diaconie weeshuis.jpg","Website":"","Opmerking":"Bron: Gerrit de Broen 1774-1782","Begin":1657,"Eind":1880,"SELECTIE":"OPENBAAR"}},{"id":239,"type":"Feature","geometry":{"type":"Point","coordinates":[4.8975389,52.3723075]},"properties":{"Naam":"Engelsche Weeshuis 1779-1864","Hoofdgroep":"Openbaar","Functie":"Weeshuis","Foto":"","Website":"","Opmerking":"","Begin":1779,"Eind":1864,"SELECTIE":"OPENBAAR"}},{"id":240,"type":"Feature","geometry":{"type":"Point","coordinates":[4.8924529,52.37312]},"properties":{"Naam":"Waag 1533-1808","Hoofdgroep":"Openbaar","Functie":"","Foto":"Waag Dam 1625.jpg","Website":"","Opmerking":"Bron: Balthasar Florisz. van Berckenrode 1625","Begin":1533,"Eind":1808,"SELECTIE":"OPENBAAR"}},{"id":241,"type":"Feature","geometry":{"type":"Point","coordinates":[4.8936388,52.3672072]},"properties":{"Naam":"Toren Leeuwenburg ca. 1490-1614","Hoofdgroep":"Militair","Functie":"","Foto":"Toren Leeuwenburg.jpg","Website":"","Opmerking":"Bron: Cornelis Anthonisz 1544","Begin":1490,"Eind":1614,"SELECTIE":"MILITAIR"}},{"id":242,"type":"Feature","geometry":{"type":"Point","coordinates":[4.8774888,52.3722731]},"properties":{"Naam":"Glashuis De Twee Rozen 1657-1679","Hoofdgroep":"Productie","Functie":"","Foto":"","Website":"","Opmerking":"","Begin":1657,"Eind":1679,"SELECTIE":"PRODUCTIE"}},{"id":243,"type":"Feature","geometry":{"type":"Point","coordinates":[4.8853619,52.3712355]},"properties":{"Naam":"Glashuis De Twee Rozen 1621-1657","Hoofdgroep":"Productie","Functie":"","Foto":"","Website":"","Opmerking":"","Begin":1621,"Eind":1657,"SELECTIE":"PRODUCTIE"}},{"id":244,"type":"Feature","geometry":{"type":"Point","coordinates":[4.8931,52.3670775]},"properties":{"Naam":"Glashuis Abraham van Tongerloo 1613-1619","Hoofdgroep":"Productie","Functie":"","Foto":"","Website":"","Opmerking":"","Begin":1613,"Eind":1619,"SELECTIE":"PRODUCTIE"}},{"id":245,"type":"Feature","geometry":{"type":"Point","coordinates":[4.8971498,52.3687407]},"properties":{"Naam":"Glashuis Jan Hendriksz Soop 1601-1631","Hoofdgroep":"Productie","Functie":"","Foto":"Glashuis Soop.jpg","Website":"","Opmerking":"","Begin":1601,"Eind":1631,"SELECTIE":"PRODUCTIE"}},{"id":246,"type":"Feature","geometry":{"type":"Point","coordinates":[4.889962,52.3694655]},"properties":{"Naam":"Glashuis Antonio Obizzo 1597-1601","Hoofdgroep":"Productie","Functie":"","Foto":"","Website":"","Opmerking":"","Begin":1597,"Eind":1601,"SELECTIE":"PRODUCTIE"}},{"id":247,"type":"Feature","geometry":{"type":"Point","coordinates":[4.8881061,52.3875586]},"properties":{"Naam":"Werven Realeneiland ca. 1613-1725","Hoofdgroep":"Productie","Functie":"","Foto":"Realeneiland25.jpg","Website":"","Opmerking":"Bron: Balthasar Florisz. van Berckenrode 1625","Begin":1613,"Eind":1725,"SELECTIE":"PRODUCTIE"}},{"id":248,"type":"Feature","geometry":{"type":"Point","coordinates":[4.8803809,52.3786437]},"properties":{"Naam":"Stads Klok- en geschutsgieterij 1614","Hoofdgroep":"Productie","Functie":"","Foto":"Giethuis.jpg","Website":"","Opmerking":"Bron: Balthasar Florisz. van Berckenrode 1657","Begin":1614,"Eind":1800,"SELECTIE":"PRODUCTIE"}},{"id":249,"type":"Feature","geometry":{"type":"Point","coordinates":[4.8992722,52.3750807]},"properties":{"Naam":"Het Haantje 1661","Hoofdgroep":"Religie","Functie":"Schuilkerk","Foto":"","Website":"","Opmerking":"","Begin":1661,"Eind":0,"SELECTIE":"RELIGIE"}},{"id":250,"type":"Feature","geometry":{"type":"Point","coordinates":[4.885236,52.3764731]},"properties":{"Naam":"Nieuwezijds Huiszittenhuis 1654-1870","Hoofdgroep":"Openbaar","Functie":"","Foto":"Nieuwezijds Huiszittenhuis.jpg","Website":"","Opmerking":"Bron: Gerrit de Broen 1774-1782","Begin":1654,"Eind":1870,"SELECTIE":"OPENBAAR"}},{"id":251,"type":"Feature","geometry":{"type":"Point","coordinates":[4.9033568,52.3677146]},"properties":{"Naam":"Oudezijds Huiszittenhuis 1654","Hoofdgroep":"Openbaar","Functie":"","Foto":"OZ Huiszittenhuis.jpg","Website":"","Opmerking":"Bron: Gerrit de Broen 1774-1782","Begin":1654,"Eind":0,"SELECTIE":"OPENBAAR"}},{"id":252,"type":"Feature","geometry":{"type":"Point","coordinates":[4.8838842,52.3669974]},"properties":{"Naam":"Klokken- en geschutgieterij Hemony 1655-1683","Hoofdgroep":"Productie","Functie":"","Foto":"","Website":"","Opmerking":"","Begin":1655,"Eind":1683,"SELECTIE":"PRODUCTIE"}},{"id":253,"type":"Feature","geometry":{"type":"Point","coordinates":[4.8981159,52.3743102]},"properties":{"Naam":"Oude Kerks kapel 1250-1306","Hoofdgroep":"Religie","Functie":"Kapel","Foto":"","Website":"","Opmerking":"","Begin":1250,"Eind":1306,"SELECTIE":"RELIGIE"}},{"id":259,"type":"Feature","geometry":{"type":"Point","coordinates":[4.8618839,52.3589484]},"properties":{"Naam":"Pottenbakkerij Aan den Overtoom ca. 1650-1879","Hoofdgroep":"Productie","Functie":"","Foto":"","Website":"","Opmerking":"","Begin":1650,"Eind":1879,"SELECTIE":"PRODUCTIE"}},{"id":260,"type":"Feature","geometry":{"type":"Point","coordinates":[4.8713548,52.3642584]},"properties":{"Naam":"Pesthuis 1630-1937","Hoofdgroep":"Openbaar","Functie":"","Foto":"","Website":"","Opmerking":"","Begin":1630,"Eind":1937,"SELECTIE":"OPENBAAR"}},{"id":261,"type":"Feature","geometry":{"type":"Point","coordinates":[4.955209,52.3658339]},"properties":{"Naam":"Stallen Oudezijds Huiszittenhuis 1769-1938","Hoofdgroep":"Productie","Functie":"","Foto":"","Website":"","Opmerking":"","Begin":1769,"Eind":1938,"SELECTIE":"PRODUCTIE"}},{"id":262,"type":"Feature","geometry":{"type":"Point","coordinates":[4.9023111,52.3837668]},"properties":{"Naam":"Galgenveld ca. 1360-1795","Hoofdgroep":"Openbaar","Functie":"Strafinrichting","Foto":"galgenveld.jpg","Website":"","Opmerking":"Bron: Cornelis Anthonisz 1544","Begin":1360,"Eind":1795,"SELECTIE":"OPENBAAR"}},{"id":263,"type":"Feature","geometry":{"type":"Point","coordinates":[4.9223311,52.369435]},"properties":{"Naam":"Stadsschuitenmakerswerf  1664-1857","Hoofdgroep":"Productie","Functie":"","Foto":"Stadsschuitenmakerswerf.jpg","Website":"","Opmerking":"","Begin":1664,"Eind":1857,"SELECTIE":"PRODUCTIE"}}]}